video_url,user_url,username,title,view_num,created_at,shortdesc,collected_at,search_term
/watch?v=0CyTdb9-RcQ&pp=ygUWZGVuc2l0eSBwdWJsaWMgdHJhbnNpdA%3D%3D,/@RMTransit,RMTransit,Stop Spacing and the Power of Density,42K,1 year,Watch this video ad-free on Nebula: https://nebula.tv/videos/rmtransit-density-changes-everything-for-transit-networks Have you¬†...,2026-01-21 23:54:50.820485,density public transit
/watch?v=VR2fqxlSsso&pp=ygUWZGVuc2l0eSBwdWJsaWMgdHJhbnNpdA%3D%3D,/@RMTransit,RMTransit,Density vs. Service - Which Gets You More Ridership?,55K,2 years,"RMTransit is here to answer that, and help you open your eyes to all of the different public transportation systems around the¬†...",2026-01-21 23:54:50.825144,density public transit
/watch?v=y_n0CkKZVBk&pp=ygUWZGVuc2l0eSBwdWJsaWMgdHJhbnNpdA%3D%3D,/@RMTransit,RMTransit,Can you build transit for small towns and farms?,86K,3 years,"As always, leave a comment down below if you have ideas for our future videos. Like, subscribe, and hit the bell icon so you won't¬†...",2026-01-21 23:54:50.827348,density public transit
/watch?v=CzIx88f5AYI&pp=ygUWZGVuc2l0eSBwdWJsaWMgdHJhbnNpdNIHCQmHCgGHKiGM7w%3D%3D,/@CityNerd,Ray Delahanty | CityNerd,"Density Matters, So Let's Make Every City a 5-Minute City (Not 15)",240K,2 years,"Get Nebula using my link for 40% off an annual subscription: https://go.nebula.tv/citynerd Watch the Nebula exclusive, Great¬†...",2026-01-21 23:54:50.829459,density public transit
/watch?v=XENJ7IdOxCk&pp=ygUWZGVuc2l0eSBwdWJsaWMgdHJhbnNpdA%3D%3D,/@CityPlannerPlays,City Planner Plays,Cities: Skylines - Transit Design Theory & Transit Tips and Tricks (From a City Planner) NO MODS,137K,5 years,Want to create a transit system for your city but don't know where to start? I've got you covered. I'll be going over a bit of transit¬†...,2026-01-21 23:54:50.835048,density public transit
/watch?v=zmFrwjBq_Bw&pp=ygUWZGVuc2l0eSBwdWJsaWMgdHJhbnNpdA%3D%3D,/@UrbanPlannerExplained,Urban Planner Explained,Every FAILED Public Transport System Explained in 9 Minutes,32K,2 months,Have you ever waited 30 minutes for a bus that never came? Or seen billions spent on a train line that goes nowhere useful?,2026-01-21 23:54:50.836562,density public transit
/watch?v=ELy9fOX8vtc&pp=ygUWZGVuc2l0eSBwdWJsaWMgdHJhbnNpdA%3D%3D,/@PolyMatter,PolyMatter,How üá≠üá∞ Hong Kong Built the World's Best Transit,1.4M,6 years,First 200 get 20% annual premium membership of Brilliant: https://brilliant.org/Polymatter Twitter: https://twitter.com/polymatters¬†...,2026-01-21 23:54:50.837645,density public transit
/watch?v=4H-zAlUEpaM&pp=ygUWZGVuc2l0eSBwdWJsaWMgdHJhbnNpdA%3D%3D,/@flurfdesign,flurfdesign,Public Transit Doesn't Have to Suck,13K,2 years,"In the US and Canada, public transit is seen as unreliable, inconvenient, and outright dangerous. Due to the car-centric nature of¬†...",2026-01-21 23:54:50.842121,density public transit
/watch?v=ZOxwOrTKbfs&pp=ygUWZGVuc2l0eSBwdWJsaWMgdHJhbnNpdA%3D%3D,/@RMTransit,RMTransit,Designing Suburbs for Better Transit,35K,4 years,"Enjoy this first episode of a new series of videos where we'll discuss how to better design our suburbs! As always, leave a¬†...",2026-01-21 23:54:50.847217,density public transit
/watch?v=CtxRyzbN6-0&pp=ygUWZGVuc2l0eSBwdWJsaWMgdHJhbnNpdA%3D%3D,/@cbcalberta,CBC News Alberta,How germy is public transit?,1.3K,1 year,"From urine to mysterious powders, Edmonton transit riders have seen it all. According to the Edmonton Transit System website,¬†...",2026-01-21 23:54:50.848459,density public transit
/watch?v=Lt_n9gOjZBc&pp=ygUWZGVuc2l0eSBwdWJsaWMgdHJhbnNpdA%3D%3D,/@RedGingerRR,RedGingerRR,Unlock Perfect Transit: Master Public Transit Hierarchy in Cities: Skylines 2,36K,1 year,"Ready to take your city's public transit system to the next level in Cities: Skylines 2? In this video, we dive deep into the¬†...",2026-01-21 23:54:50.850133,density public transit
/watch?v=z5kKPAWvWf4&pp=ygUWZGVuc2l0eSBwdWJsaWMgdHJhbnNpdA%3D%3D,/@HomeportOhio,Homeport,LVL With Us bonus 'sode 6 - Density vs. Transit,8,1 year,"We're back with the team from Toole Design, Catherine Girves and Tobi Otulana, who we heard from in our last episode on¬†...",2026-01-21 23:54:50.855550,density public transit
/watch?v=0298ToyXZaI&pp=ygUWZGVuc2l0eSBwdWJsaWMgdHJhbnNpdA%3D%3D,/@SFUcontinuingstudies,SFU Continuing Studies,Mass Transit Needs Mass: Urban Density Thresholds for Fixed-Guideway Investment,1.1K,10 years,"""Mass Transit Needs Mass: Urban Density Thresholds for Fixed-Guideway Investments"" presented by Robert Cervero, Friesen¬†...",2026-01-21 23:54:50.859632,density public transit
/watch?v=0k1iWaTIy1E&pp=ygUWZGVuc2l0eSBwdWJsaWMgdHJhbnNpdA%3D%3D,/@CNBC,CNBC,How To Fix Public Transit In The U.S. | CNBC Marathon,436K,1 year,CNBC Marathon examines the growing list of problems that U.S. public transit is facing and potential solutions to fix them. Public¬†...,2026-01-21 23:54:50.863345,density public transit
/watch?v=6wXRj08AyKg&pp=ygUWZGVuc2l0eSBwdWJsaWMgdHJhbnNpdA%3D%3D,/@TheGeographyAtlas,The Geography Atlas,How Does Public Transportation Work? - The Geography Atlas,4,4 months,"How Does Public Transportation Work? Public transportation is an essential part of urban life, connecting people to jobs, schools,¬†...",2026-01-21 23:54:50.864468,density public transit
/watch?v=0nsPGMoXqX0&pp=ygUWZGVuc2l0eSBwdWJsaWMgdHJhbnNpdA%3D%3D,/@CNBC,CNBC,Why The U.S. Gave Up On Public Transit,1M,2 years,Public transit in the U.S. is notorious for being infrequent and unreliable. Americans had to wait 17 minutes on average to get on¬†...,2026-01-21 23:54:50.870146,density public transit
/watch?v=Dn0XnpC7FVo&t=427s&pp=ygUWZGVuc2l0eSBwdWJsaWMgdHJhbnNpdA%3D%3D,/@MissingMiddlePodcast,Missing Middle Podcast,The Hidden Tax on City Living: How Crime and Disorder Undermine Density,473,9 hours,"From breath mints and car break-ins to bouncers at the Rogers store, urban life is starting to feel a lot more ‚Äúon alert.‚Äù In this¬†...",2026-01-21 23:54:50.877093,density public transit
/watch?v=bPwh1maJeGw&pp=ygUWZGVuc2l0eSBwdWJsaWMgdHJhbnNpdNIHCQmHCgGHKiGM7w%3D%3D,/@HarvardOnline,Harvard Online,Transportation in the city,1.6K,6 years,Harvard Professor Ed Glaeser gives an overview of urban mobility systems and why congestion threatens the very reason cities¬†...,2026-01-21 23:54:50.879377,density public transit
/watch?v=XIDtuNOMx1s&pp=ygUWZGVuc2l0eSBwdWJsaWMgdHJhbnNpdNIHCQmHCgGHKiGM7w%3D%3D,/@smartdensity7067,Smart Density,Transit Infrastructure as a catalyst for urban transformation,102,Streamed 2 years,... as well and the other part of doing a thing like this uh immediately next to uh very substantial public transport system is of course¬†...,2026-01-21 23:54:50.880421,density public transit
/watch?v=-ZDZtBRTyeI&pp=ygUWZGVuc2l0eSBwdWJsaWMgdHJhbnNpdA%3D%3D,/@Vox,Vox,Why American public transit is so bad | 2020 Election,6.6M,5 years,Most Americans have no choice but to drive. How do we change that? We produced this video in 2020 as part of our US election¬†...,2026-01-21 23:54:50.885967,density public transit
/shorts/o9m8YL55EjA,/@DrewShorts,DrewShorts,Europe Public Transportation Density map,1.4M,2 years,Drew Durnil - https://www.youtube.com/drewdurnil Subscribe - https://bit.ly/2TaqRvp.,2026-01-21 23:54:59.416914,density public transit
/shorts/_Gnih0GZ9mM,/@OutofOrderPod,Politics Matters,Revolutionizing Housing: Colorado's High-Density Solution near Public Transportation,733,1 year,"Discover how Colorado's innovative approach to zoning and housing is tackling parking requirements, maximizing space, and¬†...",2026-01-21 23:54:59.419492,density public transit
/shorts/41fSjoCimCY,/@OfficialWhiteStonesRail,White Stones Rail,What is Density in Terms me of City Development (And how it relates to Transit),2.6K,1 month,When I say density I mean the amount of living spaces or jobs in an area for example a single family home filled suburb or rural¬†...,2026-01-21 23:54:59.420773,density public transit
/shorts/_knNmkWtPvk,/@urbanxcowboy,urban cowboy,build density along transit #urbanism #transit #cycling #urbanplanning #cityplanning #publictransit,268,3 years,... be some incentive to build density as long as it's legal to build density because the economic value of living near Transit is high.,2026-01-21 23:54:59.422087,density public transit
/watch?v=t3na_3AotuU&pp=ygUWZGVuc2l0eSBwdWJsaWMgdHJhbnNpdA%3D%3D,/@PBSSoCal,PBS SoCal,New Law Allows for Mid-rise Apartments at Transit Stops | SoCal Matters | PBS SoCal,29K,2 months,... #housingdensity #zoning #publictransit #inclusionaryhousing #YIMBY #landuse #urbanplanning #GavinNewsom #Newsom.,2026-01-21 23:54:59.424659,density public transit
/watch?v=_RlWKTD40a8&pp=ygUWZGVuc2l0eSBwdWJsaWMgdHJhbnNpdA%3D%3D,/@imperatur,imperatur,Setting Up Public Transportation With Efficient Transit Hierarchy | Cities Skylines 2,50K,8 months,What this video is about showcasing the public transit of my 100k population Dream City ‚ñ° Map¬†...,2026-01-21 23:54:59.426753,density public transit
/watch?v=-lUzBKXIT1w&pp=ygUWZGVuc2l0eSBwdWJsaWMgdHJhbnNpdA%3D%3D,/@morethantransit,More Than Transit,Small Cities can have (and SHOULD have) good Public Transit,7.6K,1 year,"One of the comments I see coming up often in my conversations about transit is ""Small cities are ""Too Small"" to have good public¬†...",2026-01-21 23:54:59.429878,density public transit
/watch?v=WG9bb74cXWA&pp=ygUWZGVuc2l0eSBwdWJsaWMgdHJhbnNpdA%3D%3D,/@HomeportOhio,Homeport,LVL With Us Podcast Bonus 'sode 6: Density vs. Transit,13,1 year,"We're back with the team from Toole Design, Catherine Girves and Tobi Otulana, who we heard from in our last episode on¬†...",2026-01-21 23:54:59.430965,density public transit
/watch?v=rvHAFvwPhe8&pp=ygUWZGVuc2l0eSBwdWJsaWMgdHJhbnNpdA%3D%3D,/@Pharisee312,Pharisee,Responding to Randal O'Toole - Transit and Population Density,146,1 year,Forgot to mention that Toronto Transit Commission used to turn a profit until the 1970s and even used to pay taxes.,2026-01-21 23:54:59.433103,density public transit
/watch?v=zysL_lkdtys&pp=ygUWZGVuc2l0eSBwdWJsaWMgdHJhbnNpdA%3D%3D,/@OBFYT,OBF,Why Tokyo Is Insanely Well Designed,9.5M,4 years,Why Tokyo Is Insanely Well Designed Support me on Patreon: https://www.patreon.com/oliverbahl Follow me on Twitter:¬†...,2026-01-21 23:54:59.436346,density public transit
/shorts/zoP4TslafiQ,/@climateandtransit,Climate and Transit,Why Is American Transit So Ineffective?,6.3K,2 months,One of the biggest problems as to why public transit is so ineffective in America is because we have poor land use that does not¬†...,2026-01-21 23:54:59.437603,density public transit
/watch?v=Zcm5nsc1XvU&pp=ygUWZGVuc2l0eSBwdWJsaWMgdHJhbnNpdA%3D%3D,/@wsj,The Wall Street Journal,Why L.A.‚Äôs Trains Can Take 4x Longer Than Driving | WSJ Pro Perfected,725K,8 months,"Los Angeles had one of the best mass transit systems in the U.S. about 100 years ago. But today, driving in L.A. traffic can still be¬†...",2026-01-21 23:54:59.438791,density public transit
/watch?v=JIb4PMxmd5k&pp=ygUWZGVuc2l0eSBwdWJsaWMgdHJhbnNpdNIHCQmHCgGHKiGM7w%3D%3D,/@CityNews,CityNews,Toronto releases details on plan to increase housing density around transit stations,8.4K,4 months,"With a goal of adding 1.5 million homes over the next 25 years, Toronto is moving to allow greater density near most transit¬†...",2026-01-21 23:54:59.439936,density public transit
/watch?v=HYYIXluTu8E&pp=ygUWZGVuc2l0eSBwdWJsaWMgdHJhbnNpdA%3D%3D,/@UrbanPlannerExplained,Urban Planner Explained,Every Transit System That WORKS Explained in 9 Minutes,111K,4 months,"In this video, as a real urban planner, I'm explaining every public transport system that ACTUALLY works, from London's historic¬†...",2026-01-21 23:54:59.443644,density public transit
/watch?v=T2j_uT3HLLI&pp=ygUWZGVuc2l0eSBwdWJsaWMgdHJhbnNpdNIHCQmHCgGHKiGM7w%3D%3D,/@cbssf,KPIX | CBS NEWS BAY AREA,Transit Housing Bill Would Increase High-Density Housing Near BART Stations,696,7 years,Andrea Nakano reports on new bill that would focus housing development near transit hubs (3-4-2018),2026-01-21 23:54:59.444769,density public transit
/watch?v=2FJV6ivjpOo&pp=ygUWZGVuc2l0eSBwdWJsaWMgdHJhbnNpdA%3D%3D,/@CityPlannerPlays,City Planner Plays,"Expanding, Detailing, & Density in a New City | The Ultimate Beginners Guide to Cities Skylines #2",2.4M,4 years,Mass Transit 6. After Dark 7. Green Cities 8. Sunset Harbor 9. Snowfall 10. Natural Disasters 11. CCP 12. Basic Mods Topics¬†...,2026-01-21 23:54:59.446442,density public transit
/watch?v=4oR2fgz7eZk&pp=ygUWZGVuc2l0eSBwdWJsaWMgdHJhbnNpdA%3D%3D,/@fox31,FOX31 Denver,Colorado bill forces housing density by transit hubs,424,1 year,A new bill under consideration at the Colorado Capitol would override local housing density rules to allow more housing near¬†...,2026-01-21 23:54:59.448665,density public transit
/watch?v=-cjfTG8DbwA&pp=ygUWZGVuc2l0eSBwdWJsaWMgdHJhbnNpdA%3D%3D,/@Wendoverproductions,Wendover Productions,Why Public Transportation Sucks in the US,3.4M,8 years,Learn for free for two months over at http://Skl.sh/wendover The Wendover Productions behind-the-scenes Skillshare course:¬†...,2026-01-21 23:55:08.235308,density public transit
/watch?v=Ex8MqBOenr4&pp=ygUWZGVuc2l0eSBwdWJsaWMgdHJhbnNpdA%3D%3D,/@LosAngelist,Los Angelist,Trains & Population Density üèò,1.3K,8 years,"Please like, subscribe and help sustain our ongoing crusade to fix America's public transit systems by joining Los Angelist on¬†...",2026-01-21 23:55:08.236854,density public transit
/shorts/a0ZGMuW1XAM,/@NEWSTODAY-c1g,NEWS TODAY,Newsom signs historic housing bill to bring density to transit hubs,15,3 months,Newsom signs historic housing bill to bring density to transit hubs https://ift.tt/Z820pLe California Governor Gavin Newsom has¬†...,2026-01-21 23:55:08.238028,density public transit
/watch?v=8nVm0nnKPt8&pp=ygUWZGVuc2l0eSBwdWJsaWMgdHJhbnNpdA%3D%3D,/@BrentToderian,Brent Toderian on CITIES!,Pushing BACK on the attacks on urban density and public transit during the Covid-19 Pandemic,73,5 years,"How do we PUSH BACK on the attacks that have ALREADY STARTED on density, & on public transit, as we fight to defeat the¬†...",2026-01-21 23:55:08.240256,density public transit
/shorts/AsCesFvSpnw,/@CitiesSkylines,Cities: Skylines,Top reason for above-ground metro in Cities: Skylines II,1.1M,1 year,Buy Cities: Skylines II NOW! https://www.paradoxinteractive.com/games/cities-skylines-ii/about¬†...,2026-01-21 23:55:08.241743,density public transit
/watch?v=qClfyb-rXt4&pp=ygUWZGVuc2l0eSBwdWJsaWMgdHJhbnNpdA%3D%3D,/@UrbanPlannerExplained,Urban Planner Explained,Every Cities Skylines Pro Tip From a REAL Urban Planner Explained in 9 Minutes,135K,3 months,"Have you ever built a massive city in Cities: Skylines, only to watch your budget crash and have traffic gridlock paralyze everything¬†...",2026-01-21 23:55:08.243529,density public transit
/watch?v=fdum-5rMu1k&pp=ygUWZGVuc2l0eSBwdWJsaWMgdHJhbnNpdA%3D%3D,/@PBSNewsHour,PBS NewsHour,Public transit systems ‚Äòon the edge of a cliff‚Äô amid funding shortfalls,29K,3 months,A shortfall in federal funding is threatening public transportation systems across the country. As pandemic-era government support¬†...,2026-01-21 23:55:08.244665,density public transit
/watch?v=gyLE7sgQ8FQ&pp=ygUWZGVuc2l0eSBwdWJsaWMgdHJhbnNpdA%3D%3D,/@TheGeographyAtlas,The Geography Atlas,How Does Public Transportation Affect Automobile-induced Urban Sprawl? - The Geography Atlas,4,4 months,"How Does Public Transportation Affect Automobile-induced Urban Sprawl? In this informative video, we will investigate the¬†...",2026-01-21 23:55:08.245741,density public transit
/shorts/Mfo8sBk4c0Q,/@ozarabmedia,OZ Arab Media,Why Sprawling Cities Leave Transit in the Dust!,1.3K,3 months,"Explore the challenges faced by sprawling cities like Dallas and Los Angeles, where low density hinders public transport¬†...",2026-01-21 23:55:08.248093,density public transit
/shorts/JlcO_ZsCnY0,/@fulfilledwealth861,fulfilledwealth,More Density At Transit Corridor,78,1 year,"""   Cities affected by densification: Burnaby, Chilliwack, Coquitlam, Maple Ridge, Mission, North Vancouver, Richmond, Surrey,¬†...",2026-01-21 23:55:08.250876,density public transit
/watch?v=kNQAa07DNC0&pp=ygUWZGVuc2l0eSBwdWJsaWMgdHJhbnNpdA%3D%3D,/@sacitiesnetworktv6546,SACitiesNetwork TV,SACN's Transit Oriented Density Framework,144,9 years,The Transit Oriented Density Framework is a report that seeks to engage with the notion of higher density in relation to public¬†...,2026-01-21 23:55:08.254673,density public transit
/watch?v=EHPW3d1nwao&pp=ygUWZGVuc2l0eSBwdWJsaWMgdHJhbnNpdA%3D%3D,/@GrowTogetherEdmonton,Grow Together Edmonton,Jacob Dawang: District Plans need more density around transit,17,1 year,Our member Jacob Dawang presents at council to urge them to increase density permissions around transit and postsecondary¬†...,2026-01-21 23:55:08.255957,density public transit
/watch?v=VXRee5fwKBw&pp=ygUWZGVuc2l0eSBwdWJsaWMgdHJhbnNpdA%3D%3D,/@Urban_Avenues,Urban Avenues,What is Transit-Oriented Development (TOD)?,1.3K,1 year,"Have you heard the term ""TOD"" and wondered what it's all about? Dive into this video to learn more about Transit-Oriented¬†...",2026-01-21 23:55:08.258228,density public transit
/shorts/bMtGkrXN6Ac,/@DWPlanetA,DW Planet A,Can free public transport fix traffic?,10K,1 year,"If cars are bad for the climate, and public transport is good - what makes public transport so good that people use it more? Spoiler:¬†...",2026-01-21 23:55:08.259547,density public transit
/watch?v=6QjKWciU74o&pp=ygUWZGVuc2l0eSBwdWJsaWMgdHJhbnNpdA%3D%3D,/@imperatur,imperatur,How Cities Should be Built - Transit-Oriented Developments Explained in Cities Skylines,55K,1 year,In this Urbanity Explained Video: Transport Oriented Development (presented with Cities: Skylines) Transit-Oriented¬†...,2026-01-21 23:55:08.264263,density public transit
/shorts/wIdZMV35Pwc,/@Moneyypowerr,Podcastshorrts,Could the Future of Cities Be Car-Free?,648,4 months,Are we ready to rethink our relationship with transportation and urban living? Discover how population density and public transit¬†...,2026-01-21 23:55:08.265530,density public transit
/shorts/Rqa2rEq4ZMg,/@fulfilledwealth861,fulfilledwealth,Higher Density Near Transit | Lower Density Further Out,4,1 year,"Higher density near public transit, lower density further out. Smart planning for better accessibility.",2026-01-21 23:55:16.227620,density public transit
/watch?v=E0u7MRUkWlQ&pp=ygUWZGVuc2l0eSBwdWJsaWMgdHJhbnNpdA%3D%3D,/@TransitTangents,Transit Tangents,Ranking Public Transit in Every 2026 World Cup City,4.5K,1 day,"We ranked Every 2026 World Cup City based on their public transportation for folks going to the games! This is a big list, and I'm¬†...",2026-01-21 23:55:16.229935,density public transit
/shorts/GSqv00aqrGo,/@College-Builder,College Builder,4 Bus Route Tips That Will Transform Your City  #citiesskylines2,205K,5 months,Improve your city's public transport with these bus route tips in Cities Skylines 2! Learn how to avoid common mistakes and¬†...,2026-01-21 23:55:16.230633,density public transit
/watch?v=P_7yY5h1nEg&pp=ygUWZGVuc2l0eSBwdWJsaWMgdHJhbnNpdA%3D%3D,/@DailyDetroit,Daily Detroit,Transit's density problem in metro Detroit; Are rides at fairs going away?; and more,12,3 years,"A judge has interceded in the debate on Auburn Hills leaving SMART for their own service, keeping them in service for now.",2026-01-21 23:55:16.231227,density public transit
/watch?v=5UIkBRhyvi8&pp=ygUWZGVuc2l0eSBwdWJsaWMgdHJhbnNpdA%3D%3D,/@BiffaPlaysCitiesSkylines,Biffa Plays Indie Games,Tricks for a Traffic Free High Density Skyline in Cities Skylines 2!,162K,1 year,Cities Skylines 2: New Brewburgh returns with taller buildings & less traffic! Enjoy :-) HOW TO SUPPORT ME:¬†...,2026-01-21 23:55:16.231958,density public transit
/shorts/0OB_3yNqHO0,/@dweuromaxx,DW Euromaxx,Making German mistakes: Thinking public transportation is for free,88K,3 years,"Well, I won't be doing that again‚Ä¶   #cultureshock #germany #movingtogermany.",2026-01-21 23:55:16.232603,density public transit
/shorts/y9OCxZke88w,/@WalkRideFly,Walk Ride Fly,üöä Metro-North Railroad Train NYC - Bronx to Manhattan üá∫üá∏ #ny #nyc #trains #train,42K,2 years,Thank you for supporting my walks: PayPal: https://paypal.me/walkridefly?locale.x=en_US GoFundMe:¬†...,2026-01-21 23:55:16.233204,density public transit
/shorts/wwDK0Oy5hn0,/@ownerdeveloper8576,OwnerDeveloper,üöâ Transit-Oriented Developments (TODs) promise a lot,196,7 months,"Transit-Oriented Developments (TODs) promise a lot: high-density homes, vibrant communities, fewer cars on the road... But in¬†...",2026-01-21 23:55:16.233849,density public transit
/shorts/4_nw1jRl2y0,/@testfit,TestFit,Urban Planning with TestFit  #architecture #realestate #ai #urbanplanning,85K,5 months,"When you're pitching a large urban plan, every round of revisions adds cost. With TestFit, you can sketch feasibility live‚Äîon a call,¬†...",2026-01-21 23:55:16.234442,density public transit
/shorts/Sf_868Bm_xE,/@UrbanCaffeine,Urban Caffeine,How do you take luggage into the subway?ü§î #nyctransit #carfree #newyorkcity #urbantransportation,29K,2 years,How do you take luggage into the subway?   . . . . Have you ever looked at New York City from a user experience standpoint?,2026-01-21 23:55:16.235078,density public transit
/shorts/QrEeng0i0Tg,/@TheJacksonField,Jackson Field,Cities Skylines Gets Audited,9.8M,2 years,Cities: Skylines is free to play on Steam from May 18th - 22nd | Sponsored by Paradox @citiesskylines #citiesskylines.,2026-01-21 23:55:16.235711,density public transit
/shorts/cV3OGaef7SM,/@Tchelow,Tchelow,Train Line In Cities Skylines üöÜ #Shorts,57K,2 years,Train line in Cities Skylines #Shorts Want me to fix your city? Send it to me here: https://tchelow.com/cities-skylines-city-fix/ Support¬†...,2026-01-21 23:55:16.236352,density public transit
/shorts/-dpzp9rS7gM,/@Ruftickle,Ruftickle,How to FIX TRAFFIC in Cities: Skylines 2 - 5 Easy Tips!,435K,11 months,"Fix traffic in Cities: Skylines II with these expert tips to solve congestion, improve traffic flow, and build a more efficient city! Are you¬†...",2026-01-21 23:55:16.237583,density public transit
/shorts/iXLedkn0esA,/@T4rgetGaming,T4rget,SPLITTING a City in Half WITH WATER in Cities: Skylines,5.1M,2 years,Just messing around with YouTube #shorts Cities: Skylines is a city-building game developed by Colossal Order and published¬†...,2026-01-21 23:55:16.238214,density public transit
/shorts/omaxJ8lKdl4,/@interestingengineeringie,Interesting Engineering,"Intersections reimagined: engineer-designed, light-free, and seamlessly efficient. ü§ì",190K,1 year,This is an engineer's design of intersections that require no traffic lights . #shorts.,2026-01-21 23:55:16.238846,density public transit
/watch?v=SXn5VQ9ySEU&pp=ygUWZGVuc2l0eSBwdWJsaWMgdHJhbnNpdNIHCQmHCgGHKiGM7w%3D%3D,/@YUMBL,YUMBL,Creating Effective Transit in Cities Skylines  -  Solving Traffic the Right Way,236K,3 years,Transit in Cities Skylines - Solving Traffic the Right Way ‚û§One of the best ways to measure the success of a city is by looking at¬†...,2026-01-21 23:55:16.240278,density public transit
/watch?v=zmFrwjBq_Bw&pp=ygUedXJiYW4gZGVuc2l0eSBwdWJsaWMgdHJhbnNwb3J0,/@UrbanPlannerExplained,Urban Planner Explained,Every FAILED Public Transport System Explained in 9 Minutes,32K,2 months,Have you ever waited 30 minutes for a bus that never came? Or seen billions spent on a train line that goes nowhere useful?,2026-01-21 23:55:33.160546,urban density public transport
/watch?v=Tj1gvY5l7-o&pp=ygUedXJiYW4gZGVuc2l0eSBwdWJsaWMgdHJhbnNwb3J0,/@CityBeautiful,City Beautiful,Introduction to Transportation - City Beautiful Basics,37K,3 months,"People need to get from origins to destinations in cities, and they do that by using different modes of transportation: cars, bikes,¬†...",2026-01-21 23:55:33.162140,urban density public transport
/watch?v=6wXRj08AyKg&pp=ygUedXJiYW4gZGVuc2l0eSBwdWJsaWMgdHJhbnNwb3J0,/@TheGeographyAtlas,The Geography Atlas,How Does Public Transportation Work? - The Geography Atlas,4,4 months,"How Does Public Transportation Work? Public transportation is an essential part of urban life, connecting people to jobs, schools,¬†...",2026-01-21 23:55:33.163616,urban density public transport
/watch?v=ehnGiygPw2k&pp=ygUedXJiYW4gZGVuc2l0eSBwdWJsaWMgdHJhbnNwb3J0,/@CityBeautiful,City Beautiful,Can Infill Development Save Cities?,463K,2 years,"Learn more about SGC's work at https://sgc.ca.gov/ Vacant lots and underused parking lots can be redeveloped into housing,¬†...",2026-01-21 23:55:33.165047,urban density public transport
/watch?v=bPwh1maJeGw&pp=ygUedXJiYW4gZGVuc2l0eSBwdWJsaWMgdHJhbnNwb3J0,/@HarvardOnline,Harvard Online,Transportation in the city,1.6K,6 years,Harvard Professor Ed Glaeser gives an overview of urban mobility systems and why congestion threatens the very reason cities¬†...,2026-01-21 23:55:33.166286,urban density public transport
/watch?v=y_n0CkKZVBk&pp=ygUedXJiYW4gZGVuc2l0eSBwdWJsaWMgdHJhbnNwb3J0,/@RMTransit,RMTransit,Can you build transit for small towns and farms?,86K,3 years,"As always, leave a comment down below if you have ideas for our future videos. Like, subscribe, and hit the bell icon so you won't¬†...",2026-01-21 23:55:33.168010,urban density public transport
/watch?v=HYYIXluTu8E&pp=ygUedXJiYW4gZGVuc2l0eSBwdWJsaWMgdHJhbnNwb3J0,/@UrbanPlannerExplained,Urban Planner Explained,Every Transit System That WORKS Explained in 9 Minutes,111K,4 months,Have you ever been stuck in traffic and wondered why your city's public transport just doesn't work? Or why some cities move¬†...,2026-01-21 23:55:33.169743,urban density public transport
/watch?v=N6mnnpt8JQk&pp=ygUedXJiYW4gZGVuc2l0eSBwdWJsaWMgdHJhbnNwb3J0,/@IncubatevideoCoZa272727video,Incubate Video Agency,What is Urban Density?,4.4K,9 years,... Network is using the science of Urban Density to develop a public transport framework to improve the lives of all us city dwellers¬†...,2026-01-21 23:55:33.171663,urban density public transport
/watch?v=gyLE7sgQ8FQ&pp=ygUedXJiYW4gZGVuc2l0eSBwdWJsaWMgdHJhbnNwb3J0,/@TheGeographyAtlas,The Geography Atlas,How Does Public Transportation Affect Automobile-induced Urban Sprawl? - The Geography Atlas,4,4 months,"How Does Public Transportation Affect Automobile-induced Urban Sprawl? In this informative video, we will investigate the¬†...",2026-01-21 23:55:33.172974,urban density public transport
/watch?v=0CyTdb9-RcQ&pp=ygUedXJiYW4gZGVuc2l0eSBwdWJsaWMgdHJhbnNwb3J0,/@RMTransit,RMTransit,Stop Spacing and the Power of Density,42K,1 year,Watch this video ad-free on Nebula: https://nebula.tv/videos/rmtransit-density-changes-everything-for-transit-networks Have you¬†...,2026-01-21 23:55:33.174809,urban density public transport
/watch?v=4kDwaSu7EuQ&pp=ygUedXJiYW4gZGVuc2l0eSBwdWJsaWMgdHJhbnNwb3J0,/@ari3452,Ari,City Profile and Urban Transport Policy,26,9 years,Recorded with http://screencast-o-matic.com.,2026-01-21 23:55:33.176010,urban density public transport
/watch?v=XENJ7IdOxCk&pp=ygUedXJiYW4gZGVuc2l0eSBwdWJsaWMgdHJhbnNwb3J0,/@CityPlannerPlays,City Planner Plays,Cities: Skylines - Transit Design Theory & Transit Tips and Tricks (From a City Planner) NO MODS,137K,5 years,Want to create a transit system for your city but don't know where to start? I've got you covered. I'll be going over a bit of transit¬†...,2026-01-21 23:55:33.177928,urban density public transport
/watch?v=y3XoUBzfXps&pp=ygUedXJiYW4gZGVuc2l0eSBwdWJsaWMgdHJhbnNwb3J0,/@OhTheUrbanity,Oh The Urbanity!,Population Density 101: A Visual Guide to Suburbs and Skyscrapers,87K,2 years,"Cities are fundamentally about living close to things you want, like jobs, schools, stores, services, and infrastructure, and that¬†...",2026-01-21 23:55:33.179093,urban density public transport
/watch?v=gAoronFs780&pp=ygUedXJiYW4gZGVuc2l0eSBwdWJsaWMgdHJhbnNwb3J0,/@cityforall,City for All,Steps to Better City: Unlocking the Benefits of Public Transport and Cycling,29K,2 years,"In this video, we explore the many benefits of public transport and cycling for creating sustainable cities. From reducing carbon¬†...",2026-01-21 23:55:33.180249,urban density public transport
/watch?v=ELy9fOX8vtc&pp=ygUedXJiYW4gZGVuc2l0eSBwdWJsaWMgdHJhbnNwb3J0,/@PolyMatter,PolyMatter,How üá≠üá∞ Hong Kong Built the World's Best Transit,1.4M,6 years,First 200 get 20% annual premium membership of Brilliant: https://brilliant.org/Polymatter Twitter: https://twitter.com/polymatters¬†...,2026-01-21 23:55:33.181440,urban density public transport
/watch?v=HjdHND95VU8&pp=ygUedXJiYW4gZGVuc2l0eSBwdWJsaWMgdHJhbnNwb3J0,/@ZeeAutotech,Zee AutoTech,üöç This Fold-Flat Bus Is Changing Urban Parking Forever! üèôÔ∏è,149,8 days,"fold-flat bus, foldable bus, urban transportation, city parking solution, public transport innovation, sustainable cities, African¬†...",2026-01-21 23:55:33.182761,urban density public transport
/watch?v=HnOzp8lo-IQ&t=1698s&pp=ygUedXJiYW4gZGVuc2l0eSBwdWJsaWMgdHJhbnNwb3J0,/@BBCEarthExplore,BBC Earth Explore,Life Inside the Busy Cities of the World | BBC Earth Explore,653K,4 months,Modern cities are undergoing rapid transformation and densely populated urban areas are becoming increasing crowded.,2026-01-21 23:55:33.184608,urban density public transport
/watch?v=DcuaEtTeINI&pp=ygUedXJiYW4gZGVuc2l0eSBwdWJsaWMgdHJhbnNwb3J0,/@mcgilltransportation5023,McGill Transportation,"The Three D's of Active Transportation: Density, Diversity, and Design",189,2 years,The built environment is an important determinant of travel behaviour. A well constructed built environment can attract people to¬†...,2026-01-21 23:55:33.185665,urban density public transport
/watch?v=0298ToyXZaI&pp=ygUedXJiYW4gZGVuc2l0eSBwdWJsaWMgdHJhbnNwb3J0,/@SFUcontinuingstudies,SFU Continuing Studies,Mass Transit Needs Mass: Urban Density Thresholds for Fixed-Guideway Investment,1.1K,10 years,"""Mass Transit Needs Mass: Urban Density Thresholds for Fixed-Guideway Investments"" presented by Robert Cervero, Friesen¬†...",2026-01-21 23:55:33.187486,urban density public transport
/watch?v=Nnu3rburLHs&pp=ygUedXJiYW4gZGVuc2l0eSBwdWJsaWMgdHJhbnNwb3J0,/@steenblikrs,Ralph Spencer Steenblik,Compact Urbanism: Evaluating urbanism through  a lense of transportation,255,13 years,"City 2.0, Green City, Sustainability, I am most passionate about collaborative buildings - connected high-rises' of homes, creating¬†...",2026-01-21 23:55:33.188771,urban density public transport
/watch?v=Lt_n9gOjZBc&pp=ygUedXJiYW4gZGVuc2l0eSBwdWJsaWMgdHJhbnNwb3J0,/@RedGingerRR,RedGingerRR,Unlock Perfect Transit: Master Public Transit Hierarchy in Cities: Skylines 2,36K,1 year,"Ready to take your city's public transit system to the next level in Cities: Skylines 2? In this video, we dive deep into the¬†...",2026-01-21 23:55:40.411490,urban density public transport
/watch?v=0k1iWaTIy1E&pp=ygUedXJiYW4gZGVuc2l0eSBwdWJsaWMgdHJhbnNwb3J0,/@CNBC,CNBC,How To Fix Public Transit In The U.S. | CNBC Marathon,436K,1 year,"One potential solution is Autonomous Rapid Transit: a cross between light rail and a city bus. Created by the CRRC in China, it's a¬†...",2026-01-21 23:55:40.412743,urban density public transport
/watch?v=RdLyKWVvDNU&pp=ygUedXJiYW4gZGVuc2l0eSBwdWJsaWMgdHJhbnNwb3J0,/@scrippsnews,Scripps News,Building Cities Around Public Transit Could Change Urban Life,682,9 years,"""If you take a city that starts with a train system, you can encourage development around that train system,"" said Karen Weigert,¬†...",2026-01-21 23:55:40.413818,urban density public transport
/watch?v=qClfyb-rXt4&pp=ygUedXJiYW4gZGVuc2l0eSBwdWJsaWMgdHJhbnNwb3J0,/@UrbanPlannerExplained,Urban Planner Explained,Every Cities Skylines Pro Tip From a REAL Urban Planner Explained in 9 Minutes,135K,3 months,"Have you ever built a massive city in Cities: Skylines, only to watch your budget crash and have traffic gridlock paralyze everything¬†...",2026-01-21 23:55:40.415465,urban density public transport
/watch?v=-I_0H_sz1Ag&pp=ygUedXJiYW4gZGVuc2l0eSBwdWJsaWMgdHJhbnNwb3J0,/@HyperChangeTV,HyperChange,Tesla Model B (High Passenger-Density Urban Transport Vehicle),3.6K,8 years,"Moonshot Monday #10. In 2016 Tesla revealed it was working on an all electric mini-bus. Due for unveiling in late 2017, this¬†...",2026-01-21 23:55:40.416651,urban density public transport
/watch?v=_RlWKTD40a8&pp=ygUedXJiYW4gZGVuc2l0eSBwdWJsaWMgdHJhbnNwb3J0,/@imperatur,imperatur,Setting Up Public Transportation With Efficient Transit Hierarchy | Cities Skylines 2,50K,8 months,... the public transit of my 100k population Dream City ‚ñ° Map ‚ñ° https://mods.paradoxplaza.com/mods/82414/windows ‚ñ° Support¬†...,2026-01-21 23:55:40.418282,urban density public transport
/watch?v=Qc3tFEIujT8&pp=ygUedXJiYW4gZGVuc2l0eSBwdWJsaWMgdHJhbnNwb3J00gcJCYcKAYcqIYzv,/@TheGeographyAtlas,The Geography Atlas,Why Is Transport Infrastructure Key For Urbanization? - The Geography Atlas,1 view,3 months,"We'll also explore how different types of transport systems, like road networks versus public transit, impact city density and growth¬†...",2026-01-21 23:55:40.419425,urban density public transport
/watch?v=Ftenw2IsJDY&pp=ygUedXJiYW4gZGVuc2l0eSBwdWJsaWMgdHJhbnNwb3J0,/@CityNerd,Ray Delahanty | CityNerd,Smaller Cities With Great Transit: 10 Metro Areas Under a Million Population With High Ridership,154K,3 years,Other CityNerd videos referenced in this video: - North America's Best Public Markets: https://youtu.be/l10sV15O2a4 - Top 10¬†...,2026-01-21 23:55:40.420484,urban density public transport
/watch?v=QZdsivODBh8&pp=ygUedXJiYW4gZGVuc2l0eSBwdWJsaWMgdHJhbnNwb3J0,/@RMTransit,RMTransit,Your Small City Can Have More Transit | Helsinki,172K,3 years,Fill out this form if you want us to cover your city and can help out: https://forms.gle/KP9fxhtM5PiQossu5 Helsinki is a city much¬†...,2026-01-21 23:55:40.422163,urban density public transport
/watch?v=-ZDZtBRTyeI&pp=ygUedXJiYW4gZGVuc2l0eSBwdWJsaWMgdHJhbnNwb3J0,/@Vox,Vox,Why American public transit is so bad | 2020 Election,6.6M,5 years,Most Americans have no choice but to drive. How do we change that? We produced this video in 2020 as part of our US election¬†...,2026-01-21 23:55:40.424274,urban density public transport
/watch?v=Zcm5nsc1XvU&pp=ygUedXJiYW4gZGVuc2l0eSBwdWJsaWMgdHJhbnNwb3J0,/@wsj,The Wall Street Journal,Why L.A.‚Äôs Trains Can Take 4x Longer Than Driving | WSJ Pro Perfected,725K,8 months,WSJ spoke with the former chief innovation officer at L.A. Metro to find out how he would fix the city's transit system. Chapters: 0:00¬†...,2026-01-21 23:55:47.662729,urban density public transport
/watch?v=JkNLUZa5INk&pp=ygUedXJiYW4gZGVuc2l0eSBwdWJsaWMgdHJhbnNwb3J0,/@TheQuint,The Quint,How Indian Cities Failed Public Transport | A Quint Deep Dive,1.4M,1 year,"Among the several problems plaguing our cities, road congestions are the most visible ones. How did traffic jams become an¬†...",2026-01-21 23:55:47.664107,urban density public transport
/watch?v=kmykEzq0Pr4&pp=ygUedXJiYW4gZGVuc2l0eSBwdWJsaWMgdHJhbnNwb3J0,/@ptc.3284,ptc.,Congestion vs Urban Growth: How Low/Mid-Rise Housing Policy Challenges Our Transportation Mindset,50,10 months,Are we holding back Sydney's housing future by clinging to outdated traffic expectations? Sydney's new Low/Medium Density¬†...,2026-01-21 23:55:47.665295,urban density public transport
/watch?v=cBOXZGpHEjU&pp=ygUedXJiYW4gZGVuc2l0eSBwdWJsaWMgdHJhbnNwb3J0,/@TheGeographyAtlas,The Geography Atlas,What Is The Role Of Parking In Urban Public Transport Planning? - The Geography Atlas,4,4 months,What Is The Role Of Parking In Urban Public Transport Planning? Parking is a key factor in urban public transport planning that¬†...,2026-01-21 23:55:47.666530,urban density public transport
/watch?v=PN4hwJ3paPo&pp=ygUedXJiYW4gZGVuc2l0eSBwdWJsaWMgdHJhbnNwb3J0,/@CitiesX,CitiesX,Transportation in the City,4.9K,7 years,Harvard Professor Ed Glaeser gives an overview of urban mobility systems and why congestion threatens the very reason cities¬†...,2026-01-21 23:55:47.667716,urban density public transport
/watch?v=KbM0uCQ8EPI&pp=ygUedXJiYW4gZGVuc2l0eSBwdWJsaWMgdHJhbnNwb3J0,/@TheRailandCruiseExperts,The Rail and Cruise Experts,How Do Subways Affect Cities? - The Rail and Cruise Experts,8,4 months,"How Do Subways Affect Cities? Subway systems are a key element in shaping urban areas, influencing various aspects of city life¬†...",2026-01-21 23:55:47.668944,urban density public transport
/watch?v=-cjfTG8DbwA&pp=ygUedXJiYW4gZGVuc2l0eSBwdWJsaWMgdHJhbnNwb3J0,/@Wendoverproductions,Wendover Productions,Why Public Transportation Sucks in the US,3.4M,8 years,Learn for free for two months over at http://Skl.sh/wendover The Wendover Productions behind-the-scenes Skillshare course:¬†...,2026-01-21 23:55:47.670122,urban density public transport
/watch?v=u5m2QtRuY30&pp=ygUedXJiYW4gZGVuc2l0eSBwdWJsaWMgdHJhbnNwb3J0,/@UrbanismVancouver,Urbanism Vancouver,Structural Supports,46,2 years,... the dynamic relationship between housing and public transportation. They delve into the critical role of urban density in shaping¬†...,2026-01-21 23:55:54.891615,urban density public transport
/watch?v=dv9US7UyMqI&pp=ygUedXJiYW4gZGVuc2l0eSBwdWJsaWMgdHJhbnNwb3J0,/@cityforall,City for All,Why we need public transport?,27K,1 year,"In this video, we talk about why a comfortable, liveable city is impossible without high-quality public transportation - in terms of¬†...",2026-01-21 23:55:54.893396,urban density public transport
/watch?v=RKcySNlxGgM&pp=ygUedXJiYW4gZGVuc2l0eSBwdWJsaWMgdHJhbnNwb3J0,/@CountyOfficeProperty,County Office Property,How Is Urban Density Measured? - CountyOffice.org,52,1 year,"How Is Urban Density Measured? Urban density is a fundamental aspect of urban planning and development, shaping the¬†...",2026-01-21 23:55:54.894923,urban density public transport
/watch?v=5UIkBRhyvi8&pp=ygUedXJiYW4gZGVuc2l0eSBwdWJsaWMgdHJhbnNwb3J00gcJCYcKAYcqIYzv,/@BiffaPlaysCitiesSkylines,Biffa Plays Indie Games,Tricks for a Traffic Free High Density Skyline in Cities Skylines 2!,162K,1 year,Cities Skylines 2: New Brewburgh returns with taller buildings & less traffic! Enjoy :-) HOW TO SUPPORT ME:¬†...,2026-01-21 23:55:54.896450,urban density public transport
/watch?v=RYsqWIGyRVk&pp=ygUcdHJhbnNpdCBvcmllbnRlZCBkZXZlbG9wbWVudA%3D%3D,/@CityBeautiful,City Beautiful,"Transit Oriented Development, Explained",349K,3 years,Watch over 2400 documentaries with Curiosity Stream for free for a month by signing up at http://curiositystream.com/citybeautiful¬†...,2026-01-21 23:56:09.849196,transit oriented development
/watch?v=6QjKWciU74o&pp=ygUcdHJhbnNpdCBvcmllbnRlZCBkZXZlbG9wbWVudA%3D%3D,/@imperatur,imperatur,How Cities Should be Built - Transit-Oriented Developments Explained in Cities Skylines,55K,1 year,In this Urbanity Explained Video: Transport Oriented Development (presented with Cities: Skylines) Transit-Oriented¬†...,2026-01-21 23:56:09.850973,transit oriented development
/watch?v=VWD0y-ZS-NI&pp=ygUcdHJhbnNpdCBvcmllbnRlZCBkZXZlbG9wbWVudA%3D%3D,/@YetAnotherUrbanist,Yet Another Urbanist,"Now THIS Is Transit Oriented Development | Redmond, Washington",21K,5 months,"Transit oriented developments are developments oriented around transit, and the city of Redmond does it like nobody else.",2026-01-21 23:56:09.852615,transit oriented development
/watch?v=g5RpfyFwcrA&pp=ygUcdHJhbnNpdCBvcmllbnRlZCBkZXZlbG9wbWVudA%3D%3D,/@OhTheUrbanity,Oh The Urbanity!,The Promise & Peril of Transit-Oriented Development,64K,1 year,Montreal is not a city you associate with transit-oriented development. The typical metro station is surrounded by medium-density¬†...,2026-01-21 23:56:09.854162,transit oriented development
/watch?v=Y17YDJVbsHo&pp=ygUcdHJhbnNpdCBvcmllbnRlZCBkZXZlbG9wbWVudA%3D%3D,/@mcgilltransportation5023,McGill Transportation,Transit-Oriented Development‚Äôs Evil Twin,36K,1 year,"You'll see the term ‚ÄúTransit-Oriented Development‚Äù thrown around all across urbanist YouTube, social media, and even academic¬†...",2026-01-21 23:56:09.856366,transit oriented development
/watch?v=xzyuI9Bqjaw&pp=ygUcdHJhbnNpdCBvcmllbnRlZCBkZXZlbG9wbWVudA%3D%3D,/@JTAFLA904,JTAFLA,TOD - Learn about Transit-Oriented Development,41K,6 years,The Jacksonville Transportation Authority is pursuing transit-oriented development opportunities for JTA-owned properties.,2026-01-21 23:56:09.859181,transit oriented development
/watch?v=1yGNhn_TqDk&pp=ygUcdHJhbnNpdCBvcmllbnRlZCBkZXZlbG9wbWVudA%3D%3D,/@BetterCitiesYT,Better Cities,Transit-Oriented Development | Cities Skylines: Hamilton EP03,1.6K,3 years,"It's been a while, but nonetheless, the video is finally out :) In the previous episode, we've built our first overground metro line.",2026-01-21 23:56:09.860268,transit oriented development
/watch?v=5HSI_PZBsPc&pp=ygUcdHJhbnNpdCBvcmllbnRlZCBkZXZlbG9wbWVudA%3D%3D,/@RMTransit,RMTransit,The Key to Building Transit-Oriented Development,25K,4 years,"Transit-Oriented Development is a great thing to have, but what's the most important thing when it comes to building them? Reece¬†...",2026-01-21 23:56:09.863199,transit oriented development
/watch?v=kZmpumXeDOE&pp=ygUcdHJhbnNpdCBvcmllbnRlZCBkZXZlbG9wbWVudA%3D%3D,/@WSPGlobal,WSP,6 Ways Transit-Oriented Development Creates Value,15K,7 years,"Transit-Oriented Development (TOD) is commonly defined as high-density, mixed-use development located within walking¬†...",2026-01-21 23:56:09.864899,transit oriented development
/watch?v=R84ABNRnQpU&pp=ygUcdHJhbnNpdCBvcmllbnRlZCBkZXZlbG9wbWVudA%3D%3D,/@PlanetizenHQ,Planetizen ,What is Transit Oriented Development?,14K,4 years,"urbanplanning #cityplanning Transit oriented development is planned and designed to locate high-demand land uses at, or near,¬†...",2026-01-21 23:56:09.866178,transit oriented development
/watch?v=qJ9nQNUhUik&pp=ygUcdHJhbnNpdCBvcmllbnRlZCBkZXZlbG9wbWVudA%3D%3D,/@CarbonRadio,Carbon Radio,What is Transit Oriented Development?,352,1 year,"Transportation is responsible for a significant percentage of global emissions, and reducing the need for internal combustion¬†...",2026-01-21 23:56:09.867322,transit oriented development
/watch?v=GJi-36GWntQ&pp=ygUcdHJhbnNpdCBvcmllbnRlZCBkZXZlbG9wbWVudA%3D%3D,/@alexanderrotmensz,Alexander Rotmensz,Phoenix's INSANE Transit Oriented Development,15K,10 months,All my links: https://linktr.ee/alexanderrotmensz Join my Patreon!: https://www.patreon.com/c/AlexanderRotmensz Join my Discord!,2026-01-21 23:56:09.868429,transit oriented development
/watch?v=bY0qqWnRRhw&pp=ygUcdHJhbnNpdCBvcmllbnRlZCBkZXZlbG9wbWVudA%3D%3D,/@InternationalPolicyZone,International Policy Zone,What Is Transit-Oriented Development (TOD)? - International Policy Zone,86,7 months,"What Is Transit-Oriented Development (TOD)? In this informative video, we will discuss Transit-Oriented Development (TOD) and¬†...",2026-01-21 23:56:09.870111,transit oriented development
/watch?v=UKeaifCqdTw&pp=ygUcdHJhbnNpdCBvcmllbnRlZCBkZXZlbG9wbWVudA%3D%3D,/@BraustinMobileHomes,Braustin Homes,Transit Oriented Development with Peter Calthorpe - Double Wide Dudes Podcast,959,3 years,Peter Calthorpe joins us to discuss Transit Oriented Development and its importance in creating affordable housing. It was a¬†...,2026-01-21 23:56:09.871772,transit oriented development
/watch?v=QvVwyy9qtvk&pp=ygUcdHJhbnNpdCBvcmllbnRlZCBkZXZlbG9wbWVudA%3D%3D,/@PlanetizenHQ,Planetizen ,Why Transit-Oriented Development?,1.7K,3 years,Instructor John Hersey discusses the benefits and importance of transit-oriented development. Full course available:¬†...,2026-01-21 23:56:09.878298,transit oriented development
/watch?v=VXRee5fwKBw&pp=ygUcdHJhbnNpdCBvcmllbnRlZCBkZXZlbG9wbWVudA%3D%3D,/@Urban_Avenues,Urban Avenues,What is Transit-Oriented Development (TOD)?,1.3K,1 year,"Have you heard the term ""TOD"" and wondered what it's all about? Dive into this video to learn more about Transit-Oriented¬†...",2026-01-21 23:56:09.879711,transit oriented development
/watch?v=HZfV6Px2OHA&pp=ygUcdHJhbnNpdCBvcmllbnRlZCBkZXZlbG9wbWVudA%3D%3D,/@WSPGlobal,WSP,An Equitable Transit-Oriented Development Plan,1.9K,4 years,"Professionals in our industry, as well as the agencies we work with, are increasingly seeking ways to incorporate equity into¬†...",2026-01-21 23:56:09.881700,transit oriented development
/watch?v=wXGb_tliu2w&pp=ygUcdHJhbnNpdCBvcmllbnRlZCBkZXZlbG9wbWVudA%3D%3D,/@PlanetizenHQ,Planetizen ,Bringing Equity to Transit-Oriented Development,1.3K,3 years,Equitable Transit Oriented Development (eTOD) leads with economic benefit to these households as well as their neighborhoods¬†...,2026-01-21 23:56:09.885199,transit oriented development
/watch?v=IBKU-Mgk0dA&pp=ygUcdHJhbnNpdCBvcmllbnRlZCBkZXZlbG9wbWVudA%3D%3D,/@CityofCoquitlam,CityofCoquitlam,Transit Oriented Development Strategy,5.2K,13 years,The City is developing a Transit Oriented Development Strategy to ensure that new development around future Evergreen Line¬†...,2026-01-21 23:56:09.886432,transit oriented development
/watch?v=L4O9o7UHpqo&pp=ygUcdHJhbnNpdCBvcmllbnRlZCBkZXZlbG9wbWVudA%3D%3D,/@centraljapanrailwaycompany2023,Central Japan Railway Company official channel,Transit Oriented Development at Nagoya Station (JPN SubtitlesÔºâ,1.5K,1 year,Opening of tokaido shinson and Japan's economic development brought major congestion to ngoya station at the time with users¬†...,2026-01-21 23:56:09.887905,transit oriented development
/watch?v=XKJiWt7gcUY&pp=ygUcdHJhbnNpdCBvcmllbnRlZCBkZXZlbG9wbWVudA%3D%3D,/@ontarioassociationofarchitects,Ontario Association of Architects,Transforming Cities: The Role of Transit-Oriented Development,442,1 year,"In this episode of Architecturally Speaking, host Ryan Schwartz is joined by Shonda Wang, Principal at SvN, to explore the¬†...",2026-01-21 23:56:17.875298,transit oriented development
/shorts/lvBIRU4bc20,/@LaExcellence-IAS,La Excellence IAS ,What is transit oriented development?,2.4K,8 months,What if cities were built around people ‚Äî not cars? That's the idea behind Transit-Oriented Development (TOD) ‚Äî a revolutionary¬†...,2026-01-21 23:56:17.877196,transit oriented development
/watch?v=brcIuCRs3Ug&pp=ygUcdHJhbnNpdCBvcmllbnRlZCBkZXZlbG9wbWVudA%3D%3D,/@KSATnews,KSAT 12,What is San Antonio‚Äôs transit-oriented development and why is it unpopular among some residents?,285,1 year,"City Council District 1 held a community forum Thursday night to talk about transit-oriented development, but it didn't go as¬†...",2026-01-21 23:56:17.879649,transit oriented development
/watch?v=ZWOdlx47Dkk&pp=ygUcdHJhbnNpdCBvcmllbnRlZCBkZXZlbG9wbWVudA%3D%3D,/@apanymtransportationcommit7300,APA NYM Transportation Committee,Achieving the Goals of Transit-Oriented Development in New York City: Bronx Metro-North Stations,607,9 months,"NYC has the nation's most extensive public transit system, yet transit deserts persist, increasing reliance on single-occupancy¬†...",2026-01-21 23:56:17.881257,transit oriented development
/watch?v=QATMxSQWyZ0&pp=ygUcdHJhbnNpdCBvcmllbnRlZCBkZXZlbG9wbWVudA%3D%3D,/@BuildingBeautifully,Building Beautifully,Transit-Oriented Development in Sydney,45K,2 years,"Transit-oriented development is development that localises itself entirely within walking distance of transit, with the direct aim of¬†...",2026-01-21 23:56:17.883232,transit oriented development
/watch?v=qkaoR_qvSTA&pp=ygUcdHJhbnNpdCBvcmllbnRlZCBkZXZlbG9wbWVudA%3D%3D,/@TRECpdx,Transportation Research & Education Center at PSU,PSU Transportation Seminar: Transit-Oriented Development & Affordable Housing: Lessons from Portland,483,3 months,"DATE: Fri, 10/17/2025 - Fri, 10/17/2025 SPEAKER: Nathan McNeil, PSU The seminar will cover surveys of residents at recently¬†...",2026-01-21 23:56:17.884366,transit oriented development
/shorts/6FBlyhM3nQM,/@brenemanblueprint,Breneman Blueprint: Real Estate & Entrepreneurship,TOD or Transit Oriented Development,464,2 years,shorts #cityscape #realestateinvesting #wealthbuilding #investing101 #investingeducation #cashflow #principalpaydown¬†...,2026-01-21 23:56:17.887104,transit oriented development
/watch?v=5G6R7F47u3Y&pp=ygUcdHJhbnNpdCBvcmllbnRlZCBkZXZlbG9wbWVudA%3D%3D,/@ridesunrail,SunRail,Transit Oriented Development,3.5K,7 years,... open the way for new growth today we call it transit oriented development that refers to the new growth that occurs along the rail¬†...,2026-01-21 23:56:17.889236,transit oriented development
/watch?v=tL9mCOTjngA&pp=ygUcdHJhbnNpdCBvcmllbnRlZCBkZXZlbG9wbWVudNIHCQmHCgGHKiGM7w%3D%3D,/@CityofEdmonton,City of Edmonton,Transit Oriented Development Guidelines,7.6K,12 years,Discover how Edmonton's Transit Oriented Development Guidelines help to guide and integrate development in neighbourhoods¬†...,2026-01-21 23:56:17.892765,transit oriented development
/watch?v=RzWzKriLxiE&pp=ygUcdHJhbnNpdCBvcmllbnRlZCBkZXZlbG9wbWVudA%3D%3D,/@CityPlannerPlays,City Planner Plays,Creating A Transit-Oriented Development (TOD): Verde Beach - Vanilla Cities Skylines Build  (Ep. 32),144K,4 years,Creating A Transit-Oriented Development (TOD): Verde Beach - Vanilla Cities Skylines Build (Ep. 32) Hello everyone and¬†...,2026-01-21 23:56:17.895291,transit oriented development
/shorts/3I2lRG8graA,/@alexanderrotmensz,Alexander Rotmensz,Why France does Transit Oriented Development Better #shorts,1.2K,1 year,shorts #cities #urban #urbanism #transit #architecture.,2026-01-21 23:56:17.897843,transit oriented development
/shorts/5rNTGlsE4tU,/@nextias,NEXT IAS,What is Transit-Oriented Development? | Union Budget 2024 | Viksit Bharat,9.4K,1 year,"The Union Budget 2024 mentioned about Transit Oriented Development Plans. By working with states, the government of India¬†...",2026-01-21 23:56:17.899116,transit oriented development
/watch?v=f09jIRrNhro&pp=ygUcdHJhbnNpdCBvcmllbnRlZCBkZXZlbG9wbWVudA%3D%3D,/@CityConnectionsMedia,City Connections,How NSW's Transit Oriented reforms work.,7.6K,10 months,Precinct viewer (both TOD SEPP and LMR SEPP:¬†...,2026-01-21 23:56:17.902680,transit oriented development
/watch?v=wFE093EKKyU&pp=ygUcdHJhbnNpdCBvcmllbnRlZCBkZXZlbG9wbWVudA%3D%3D,/@trimet,TriMet,Transit-Oriented Development,2.6K,1 year,"TriMet's Transit-Oriented Development work helps create more livable, affordable and inclusive communities, where buses and¬†...",2026-01-21 23:56:17.903986,transit oriented development
/watch?v=LRKCX4TkVUM&pp=ygUcdHJhbnNpdCBvcmllbnRlZCBkZXZlbG9wbWVudA%3D%3D,/@IITRoorkeeJuly,IIT Roorkee July 2018,Lec 24: Transit Oriented Development (TOD),6.6K,4 years,"This lecture discusses about the Transit Oriented Development (TOD) approach, its needs, objectives and benefits, principles and¬†...",2026-01-21 23:56:17.906160,transit oriented development
/watch?v=9Ckhl9OHRao&pp=ygUcdHJhbnNpdCBvcmllbnRlZCBkZXZlbG9wbWVudA%3D%3D,/@DavidMosselaar,David Mosselaar,Spatial Design Atelier - The Concept of Transit-Oriented Development (TOD),175,1 year,"The Individual Assignment for Spatial Design Atelier describing the concept of Transit-Oriented Development, or TOD. Video is¬†...",2026-01-21 23:56:17.909064,transit oriented development
/shorts/kQxfLdgmjM4,/@VajiramandRaviOfficial,Vajiram and Ravi Official,Transit Oriented Development: The Solution to 21st Century Urban India,6.6K,1 year,How India is transforming its urban landscape through Transit-Oriented Development (TOD)! TOD integrates land use and¬†...,2026-01-21 23:56:17.911640,transit oriented development
/watch?v=BSSKUukWRI8&pp=ygUcdHJhbnNpdCBvcmllbnRlZCBkZXZlbG9wbWVudNIHCQmHCgGHKiGM7w%3D%3D,/@UnearthLive,UnEarthLive,Transit-Oriented Development Has Many Benefits | UnEarth,603,5 years,"Imagine a route to your office with no traffic jams, no polluted air and no honking of cars and bikes. A new city which would be¬†...",2026-01-21 23:56:25.123135,transit oriented development
/shorts/t4AEckR-Izo,/@Yllah,Yllah,Nothing beats Japan‚Äôs transit-oriented urban planning ü§≠,33K,4 months,hair link https://www.hergivenhair.com/true-fragrance-curls-unit-p-3606/?c=YLLAHCS Code YLLAHCS for 35% off.,2026-01-21 23:56:25.125795,transit oriented development
/watch?v=MdfbRVSP0VA&pp=ygUcdHJhbnNpdCBvcmllbnRlZCBkZXZlbG9wbWVudA%3D%3D,/@gtalccproject2206,GTALCC Project,MyL3C: Role of Public Transport & Transit Oriented Development in China's Urban Transformation,108,4 years,Karl Fjellstrom of Far East Mobility Limited and People-Oriented Cities shares his deep insights on public transport and transit¬†...,2026-01-21 23:56:25.126983,transit oriented development
/shorts/YyyXnG3LLEM,/@tamiprice-tamipricepropert9877,Tami Price - Tami Price Properties Group - SATX,Transit-Oriented Development Zoning,515,3 months,San Antonio homeowners and buyers‚Äînew zoning changes could reshape the city. The city has rolled out Transit-Oriented¬†...,2026-01-21 23:56:25.128209,transit oriented development
/watch?v=N_yKOoUQKgg&pp=ygUcdHJhbnNpdCBvcmllbnRlZCBkZXZlbG9wbWVudA%3D%3D,/@engrdanmoritcho879,Engr Dan Moritcho,The Transit-Oriented Development (TOD) concept,9.6K,4 years,Consist of efficient public transportation Comprise of mixed-use developments Presence of community areas Credits to owner of¬†...,2026-01-21 23:56:25.129311,transit oriented development
/watch?v=tCwYMvSWW30&pp=ygUcdHJhbnNpdCBvcmllbnRlZCBkZXZlbG9wbWVudA%3D%3D,/@cuyahogacounty,CuyahogaCounty,Transit Oriented Development,125,4 months,"CUYAHOGA COUNTY, OH ‚Äì The Cuyahoga County Department of Development is announcing a new Transit Oriented¬†...",2026-01-21 23:56:25.130460,transit oriented development
/shorts/d5NMFlE-Enc,/@DanHominem,Dan Hominem,Dr. Pepper Test - Branch Avenue - Transit Oriented Development,552,1 year,Wait... you're actually reading this? Credits: You get an imaginary cookie for reading the whole thing. :D.,2026-01-21 23:56:25.132760,transit oriented development
/watch?v=R4mRn7fgHqQ&pp=ygUcdHJhbnNpdCBvcmllbnRlZCBkZXZlbG9wbWVudA%3D%3D,/@therandomchannel333,The Random Channel,Sustainable Architecture & Transit oriented development | Sustainable City | Part-4,47,3 years,"What is a City | Part 1 : https://www.youtube.com/watch?v=HUUpEKBlNdw&t=3s Watch videos about Rockets like ATLAS 5,¬†...",2026-01-21 23:56:25.133900,transit oriented development
/watch?v=slv6Ni3dMmc&pp=ygUcdHJhbnNpdCBvcmllbnRlZCBkZXZlbG9wbWVudA%3D%3D,/@CalgaryTOD,CalgaryTOD,Calgary Transit Oriented Development,1.1K,17 years,"Calgary leads the nation in Transit Oriented Development policy initiatives, not to mention having the highest LRT ridership in¬†...",2026-01-21 23:56:25.135122,transit oriented development
/shorts/6XxJ5e785GQ,/@SteveVaccaro,Steve Vaccaro Law,Hudson Yards - Transit Oriented Development,616,10 months,Hudson Yards is an early example of transit oriented development. The city required developers who were going to get to build¬†...,2026-01-21 23:56:25.136420,transit oriented development
/shorts/PKbKH7qqgLk,/@GermynGroup,Living in Surrey and White Rock | The Germyn Group,Transit-Oriented Areas: New Stations & Urban Transformation #shorts,748,2 months,"A 16-kilometer SkyTrain extension aims to connect Surrey and Langley, promising fast, frequent, and high-capacity service.",2026-01-21 23:56:25.137663,transit oriented development
/watch?v=PLh_p_MM7n8&pp=ygUcdHJhbnNpdCBvcmllbnRlZCBkZXZlbG9wbWVudA%3D%3D,/@CityZilla,CityZilla,Transit-Oriented Development in Cities Skylines | Beginners Guide,24K,2 years,"Transit-Oriented Development in Cities Skylines | Beginners Guide In Todays Episode, we look at transit-oriented development in¬†...",2026-01-21 23:56:25.139158,transit oriented development
/watch?v=N_d-tf3sF4M&pp=ygUcdHJhbnNpdCBvcmllbnRlZCBkZXZlbG9wbWVudNIHCQmHCgGHKiGM7w%3D%3D,/@EduArchs,Edu-Archs,Transit Oriented Development | TOD | Edu-Archs,881,2 years,tod #TranistOrientedDevelopment #transit #smartcity #urbandesign #sustainabledevelopment #urbanplanning¬†...,2026-01-21 23:56:25.140386,transit oriented development
/shorts/ENONVyuKfIs,/@confidentrealestateinvesti9152,CONFIDENT REAL ESTATE INVESTING,Where to Invest? How to Invest? Transit Oriented Development Explained (Real Estate Investing),459,4 years,Real Estate Investing requires Market Research and Analysis. It's the only way to determine where to invest and even how to¬†...,2026-01-21 23:56:25.142913,transit oriented development
/watch?v=UKEuvNcD9hw&pp=ygUcdHJhbnNpdCBvcmllbnRlZCBkZXZlbG9wbWVudA%3D%3D,/@UnitedStatesStudiesCentre,United States Studies Centre,Transit-oriented development with Robert Cervero,3K,15 years,"As populations of cities around the world continue to grow, how can they be more effectively built to serve the needs of¬†...",2026-01-21 23:56:25.144672,transit oriented development
/watch?v=qyrtF6y4eUg&pp=ygUcdHJhbnNpdCBvcmllbnRlZCBkZXZlbG9wbWVudNIHCQmHCgGHKiGM7w%3D%3D,/@CharlotteGOVchannel,City of Charlotte,What is Transit-Oriented Development (TOD 101),883,1 year,"Transit-Oriented Development (TOD) mixes homes with easy access to shops, services and entertainment within a quarter- to¬†...",2026-01-21 23:56:25.146134,transit oriented development
/watch?v=Z1PKwulYqo4&pp=ygUcdHJhbnNpdCBvcmllbnRlZCBkZXZlbG9wbWVudA%3D%3D,/@NewWestCity,NewWestCity,"Our City, Our Homes ‚ÄìTransit Oriented Development Areas Program",97,2 months,"There are several bylaws and policy tools the City uses to enable housing development. Currently, the City is making updates to¬†...",2026-01-21 23:56:34.541027,transit oriented development
/watch?v=6NbpFdqm54w&pp=ygUcdHJhbnNpdCBvcmllbnRlZCBkZXZlbG9wbWVudA%3D%3D,/@FastCompany,Fast Company,"Inspired Ethonomics: Portland, a Global Model of Transit-Oriented Development",10K,15 years,Portland is a city that successfully implemented a plan for transit-oriented development. Its urban planners made the public¬†...,2026-01-21 23:56:34.542295,transit oriented development
/watch?v=R2gwy6bKKVg&pp=ygUcdHJhbnNpdCBvcmllbnRlZCBkZXZlbG9wbWVudA%3D%3D,/@s.nevadastrong5186,S.Nevada Strong,A Sneak Peek at the Benefits of Transit Oriented Development (TOD),11K,11 years,"Ultimately SNS wants to create a better community, more vibrant community; Better connect: housing, transit, job centers. Growing¬†...",2026-01-21 23:56:34.545978,transit oriented development
/watch?v=TOgKTjT4YOQ&pp=ygUcdHJhbnNpdCBvcmllbnRlZCBkZXZlbG9wbWVudA%3D%3D,/@KansasCityPBS,Kansas City PBS,Imagine KC: Episode 10 - Transit-Oriented Development,4K,13 years,"As Kansas City prepares for a special election on a proposed downtown streetcar line, Imagine KC examines the impact of¬†...",2026-01-21 23:56:34.549748,transit oriented development
/watch?v=bNHXBzdqsgk&pp=ygUcdHJhbnNpdCBvcmllbnRlZCBkZXZlbG9wbWVudA%3D%3D,/@EarthScienceAnswers,Earth Science Answers,Is Transit-Oriented Development Sustainable? - Earth Science Answers,3,5 months,Is Transit-Oriented Development Sustainable? Have you ever considered the role of urban planning in creating sustainable cities¬†...,2026-01-21 23:56:34.553063,transit oriented development
/watch?v=9ZkwPIPwgtw&pp=ygUcdHJhbnNpdCBvcmllbnRlZCBkZXZlbG9wbWVudA%3D%3D,/@BNPartnership,Buffalo Niagara Partnership,A Growing Trend: Transit Oriented Development,139,8 years,"Transit Oriented Development weaves together housing, places of employment and entertainment opportunities, linked by a¬†...",2026-01-21 23:56:34.557235,transit oriented development
/shorts/0Tc2q8UIXBc,/@ELUA-Carlsbad,ELUA Carlsbad,SB79 Is Not Transit-Oriented Development - Geoff Hueter,6,4 months,No on SB79 rally in San Diego on 23 August 2025. The rally was organized by Neighbors for a Better California.,2026-01-21 23:56:34.558442,transit oriented development
/watch?v=TcajLPDGjhc&pp=ygUcdHJhbnNpdCBvcmllbnRlZCBkZXZlbG9wbWVudNIHCQmHCgGHKiGM7w%3D%3D,/@Housing-com,Housing.com,"Know All About Transit-Oriented Development (TOD) in India: Definition, Principles & Much More",5.6K,3 years,What do you know about Transit-Oriented Development (TOD) in India? What are the principles of TOD? Watch the video & read¬†...,2026-01-21 23:56:34.561838,transit oriented development
/shorts/CZ_18ea3IoY,/@thedarrylgrangerproject,Darryl Granger,How Transit Oriented Development can legalize housing on Long Island #longisland #housing #newyork,1.6K,2 years,The governor proposed something called Transit oriented development which will legalize the construction of apartment buildings¬†...,2026-01-21 23:56:34.567345,transit oriented development
/shorts/AJexOYYmGmE,/@nextias,NEXT IAS,Transit-Oriented Development: Unlocking Urban Potential! #growth #development #economy,14K,1 year,"Transit-Oriented Development is a fast-growing trend in creating vibrant, livable, sustainable communities. Also known as TOD,¬†...",2026-01-21 23:56:34.568694,transit oriented development
/shorts/R_4udfXOakE,/@investateedu,Investate Education,Transit Oriented Development vs Car-Centric Design,294,8 months,follow @investateedu for more. Why do neighborhoods built with the principle of transit oriented development look different from¬†...,2026-01-21 23:56:34.569886,transit oriented development
/shorts/-yYyEpng2II,/@arcatinc,ARCAT,Height Limit - DETAILED 146: Transit Oriented Development | Montara,60,3 months,"In this clip: Aaron Thornton, AIA, Principal at Leddy Maytum Stacy Architects (LMSA) in San Francisco, California, talks about how¬†...",2026-01-21 23:56:34.571075,transit oriented development
/watch?v=oeMyhs8lJLc&pp=ygUcdHJhbnNpdCBvcmllbnRlZCBkZXZlbG9wbWVudA%3D%3D,/@countyoffice,County Office,What Is Transit-oriented Development In Transportation Plans? - CountyOffice.org,11,5 months,"What Is Transit-oriented Development In Transportation Plans? In this informative video, we will discuss transit-oriented¬†...",2026-01-21 23:56:34.572184,transit oriented development
/watch?v=S0d3b-EpEbc&pp=ygUcdHJhbnNpdCBvcmllbnRlZCBkZXZlbG9wbWVudA%3D%3D,/@noaca_mpo,Northeast Ohio Areawide Coordinating Agency,August 2020 Lunch & Learn: Transit-Oriented Development,14,5 years,"Transit-oriented development (TOD) is an exciting and fast-growing trend in creating vibrant, livable, sustainable communities.",2026-01-21 23:56:34.573948,transit oriented development
/watch?v=czk0zcInlBE&pp=ygUcdHJhbnNpdCBvcmllbnRlZCBkZXZlbG9wbWVudA%3D%3D,/@bcdcog7456,BCDCOG,LCRT: Transit-Oriented Development Explained,300,2 years,How does transit-oriented development benefit communities for years to come? See how Lowcountry Rapid Transit is planning for¬†...,2026-01-21 23:56:34.575151,transit oriented development
/watch?v=zqECd8s2I7o&pp=ygUcdHJhbnNpdCBvcmllbnRlZCBkZXZlbG9wbWVudA%3D%3D,/@RailwayTalent,Thailand Railway Research Network (TRRN),"RRTC2024 :  ""Transit-oriented development (TOD)Evaluation and Success Factors"" , By Prof. Chun Zhang",29,1 year,RAIL RESEARCH & TECHNOLOGY CONFERENCE (RRTC2024) 27 - 29 November 2024 at Grand Richmond Hotel¬†...,2026-01-21 23:56:34.576247,transit oriented development
/watch?v=v7JoD5k-yy8&pp=ygUcdHJhbnNpdCBvcmllbnRlZCBkZXZlbG9wbWVudNIHCQmHCgGHKiGM7w%3D%3D,/@edmontonjournal,Edmonton Journal,"Edmonton‚Äôs first mixed-use, transit-oriented development",295,7 years,"Edmonton Mayor Don Iveson and city councillors Sarah Hamilton and Andrew Knack commemorate Edmonton's first mixed-use,¬†...",2026-01-21 23:56:34.577714,transit oriented development
/watch?v=bqoiruG66-c&pp=ygUcdHJhbnNpdCBvcmllbnRlZCBkZXZlbG9wbWVudA%3D%3D,/@UCDavisITS,UC Davis Institute of Transportation Studies,"Planning & Policymaking for Transit-Oriented Development, Transit, and Active Transport in CA Cities",450,5 years,"Many state-level policies have been adopted in California that support transit-oriented development (TOD), or, in other words,¬†...",2026-01-21 23:56:34.579314,transit oriented development
